{"cameraMode":{"drawMode":0,"name":"Shaded","section":"Shading Mode"},"sceneLighting":true,"audioPlay":false,"sceneViewState":{"m_AlwaysRefresh":false,"showFog":true,"showSkybox":true,"showFlares":true,"showImageEffects":true,"showParticleSystems":true,"showVisualEffectGraphs":true,"m_FxEnabled":true},"in2DMode":false,"pivot":{"x":6.589080810546875,"y":-1.6101514101028443,"z":-3.937293291091919},"rotation":{"x":-0.0012247281847521663,"y":0.9536754488945007,"z":-0.3012882173061371,"w":-0.003668020013719797},"size":11.404046058654786,"orthographic":false}